brand,flavor,notes,picture,originality,curb_appeal,made_in
Deep River,New York Spicy Dill Pickle,,Chip bags_Images/Deep RiverNew York Spicy Dill Pickle.picture.004203.jpg,,,
Deep River,Zesty Jalapeno,,Chip bags_Images/Deep RiverZesty Jalapeno.picture.004226.jpg,,,
Deep River,Mango Habanero,,Chip bags_Images/Deep RiverMango Habanero.picture.004237.jpg,,,
Deep River,Aged Cheddar Horseradish,,Chip bags_Images/Deep RiverAged Cheddar Horseradish.picture.004247.jpg,,,
Cape Cod,Original Sea Salt,,Chip bags_Images/Cape CodOriginal Sea Salt.picture.004256.jpg,,,
Community,Sea Salt and Vinegar,,Chip bags_Images/CommunitySea Salt and Vinegar.picture.004310.jpg,,,
Herr's,Boardwalk Salt and Vinegar,Kettle Cooked,Chip bags_Images/Herr-sBoardwalk Salt and Vinegar.picture.004323.jpg,,,
Deep River,Original Sea Salt,,Chip bags_Images/Deep RiverOriginal Sea Salt.picture.004357.jpg,,,
Deep River,Sour Cream and Onion,,Chip bags_Images/Deep RiverSour Cream and Onion.picture.004414.jpg,,,
Zapp's,Evil Eye,New Orleans Kettle Style,Chip bags_Images/Zapp-sEvil Eye.picture.004501.jpg,,,
Rap Snacks,Snoop Dogg O.G. Bar-B-Que Cheddar,,Chip bags_Images/Rap SnacksSnoop Dogg O.G. Bar-B-Que Cheddar.picture.004523.jpg,,,
Herr's,Honey Jalapeno,Kettle Cooked,Chip bags_Images/Herr-sHoney Jalapeno.picture.004540.jpg,,,
Uglies,Buffalo Ranch,,Chip bags_Images/UgliesBuffalo Ranch.picture.004609.jpg,,,
Community,All Mixed Up,,Chip bags_Images/CommunityAll Mixed Up.picture.004635.jpg,,,
Community,Simply Sea Salt,,Chip bags_Images/CommunitySimply Sea Salt.picture.004653.jpg,,,
Deep River,Sweet Maui Onion,,Chip bags_Images/Deep RiverSweet Maui Onion.picture.004709.jpg,,,
Lay's,Classic,,Chip bags_Images/Lay-sClassic.picture.004723.jpg,,,
Deep River,Mesquite BBQ,,Chip bags_Images/Deep RiverMesquite BBQ.picture.004738.jpg,,,
Deep River,Salt and Cracked Pepper,,Chip bags_Images/Deep RiverSalt and Cracked Pepper.picture.004803.jpg,,,
Lay's,Baked Original,,Chip bags_Images/Lay-sBaked Original.picture.143818.jpg,,,
Kettle,Dill Pickle,Krinkle Cut,Chip bags_Images/KettleDill Pickle.picture.162143.jpg,,,
Uglies,Bar-B-Que,,Chip bags_Images/UgliesBar-B-Que.picture.162229.jpg,,,
Herr's,Original,Kettle Cooked,Chip bags_Images/Herr-sKettle Cooked Original.picture.234639.jpg,,,
Herr's,Sour Cream and Onion,Kettle cooked,Chip bags_Images/Herr-sSour Cream and Onion.picture.211945.jpg,,,
Deep River,Rosemary and Olive Oil,,Chip bags_Images/Deep RiverRosemary and Olive Oil.picture.143227.jpg,,,
Taylor's,Pickled Onion,Potato Crisps from UK,Chip bags_Images/Taylor-sPickled Onion.picture.141450.png,,,
Taylor's,Mature Cheddar and Onion,Potato crisps from UK,Chip bags_Images/Taylor-sMature Cheddar and Onion.picture.141546.png,,,
Community,Honey BBQ,,Chip bags_Images/CommunityHoney BBQ.picture.182655.jpg,,,
Hal's New York Kettle Chips,Original Sea Salt,,Chip bags_Images/Hal-s New York Kettle ChipsOriginal Sea Salt.picture.155252.jpg,,,
Deep River,Sea Salt and Vinegar,,Chip bags_Images/Deep RiverSea Salt and Vinegar.picture.173857.jpg,,,
Miss Vickie's,Sea Salt Original,,Chip bags_Images/Miss Vickie-sSea Salt Original.picture.175915.jpg,,,
Miss Vickie's,Sea Salt and Vinegar,,Chip bags_Images/Miss Vickie-sSea Salt and Vinegar.picture.024006.jpg,,,
Lay's,Barbecue Flavored,,Chip bags_Images/Lay-sBarbecue Flavored.picture.210859.jpg,,,
Uglies,Salt and vinegar,,Chip bags_Images/UgliesSalt and vinegar.picture.181718.jpg,,,
Uglies,Sea salt,,Chip bags_Images/UgliesSea salt.picture.181743.jpg,,,
Herr's,Jalapeno flavored,Kettle cooked,Chip bags_Images/Herr-sJalapeno flavored.picture.005149.jpg,,,
Route 11,Mama Zuma's Revenge,Hot habenero,Chip bags_Images/Route 11Mama Zuma-s Revenge.picture.204713.jpg,,,
Joe Chips,Sour Cream and Toasted Onion,Retro Potato Chips,Chip bags_Images/Joe ChipsSour Cream and Toasted Onion.picture.161623.jpg,,,
Joe Chips,Honey Barbecue Flavor,Couch Potato,Chip bags_Images/Joe ChipsHoney Barbecue Flavor.picture.161739.jpg,,,
The Good Crisp Company,Original,Crinkle cut,Chip bags_Images/The Good Crisp CompanyOriginal.picture.182852.jpg,,,
Lay's,Barbecue Flavored -Treat size,2/ $1.00 Treat size,Chip bags_Images/Lay-sBarbecue Flavored -Treat size.picture.174332.jpg,,,
Miss Vickie's,Spicy Dill Pickle Flavored,,Chip bags_Images/Miss Vickie-sSpicy Dill Pickle Flavored.picture.180425.jpg,,,
North Fork,Sour Cream and Onion,,Chip bags_Images/North ForkSour Cream and Onion.picture.193452.jpg,,,
Boulder Canyon,Hickory Barbeque,Avocado Oil,Chip bags_Images/Boulder CanyonHickory Barbeque.picture.153230.jpg,,,
Boulder Canyon,Classic Sea Salt,Avocado Oil,Chip bags_Images/Boulder CanyonClassic Sea Salt.picture.153248.jpg,,,
Miss Vickie's,Smokehouse BBQ Flavored,,Chip bags_Images/Miss Vickie-sSmokehouse BBQ Flavored.picture.175707.jpg,,,
Kettle,Salt and Fresh Ground Pepper,Krinkle Cut,Chip bags_Images/KettleSalt and Fresh Ground Pepper.picture.225624.jpg,,,
Ruffles,Cheddar and Sour Cream,,Chip bags_Images/RufflesCheddar and Sour Cream.picture.214629.jpg,,,
Lay's,Classic Treat Size,,Chip bags_Images/Lay-sClassic Treat Size.picture.232107.jpg,,,
Kettle,Jalapeno,,Chip bags_Images/KettleJalapeno.picture.190953.jpg,,,
Motorcycle Pete,Sea Salt,,Chip bags_Images/Motorcycle PeteSea Salt.picture.160924.jpg,,,
Utz,Grandma Utz's Kettle Style,,Chip bags_Images/UtzGrandma Utz-s Kettle Style.picture.174344.jpg,,,
Kettle,Sea Salt and Vinegar,,Chip bags_Images/KettleSea Salt and Vinegar.picture.162330.jpg,,,
Joe Chips,Barbeque Flavored,,Chip bags_Images/Joe ChipsBarbeque Flavored.picture.155004.jpg,,,
Miss Vickie's,Jalapeno Flavored,,Chip bags_Images/Miss Vickie-sJalapeno Flavored.picture.191337.jpg,,,
The Good Crisp Company,Cheddar and Sour Cream,Crinkle cut,Chip bags_Images/The Good Crisp CompanyCheddar and Sour Cream.picture.184207.jpg,,,
Herr's,Spinach and Artichoke Dip,,Chip bags_Images/Herr-sSpinach and Artichoke Dip.picture.222919.jpg,,,
Ruffles,Sour Cream and Onion,,Chip bags_Images/RufflesSour Cream and Onion.picture.223150.jpg,,,
Torres Selecta,Mediterranean Herbs,,Chip bags_Images/Torres SelectaMediterranean Herbs.picture.193617.jpg,,,
Lay's,Limón,,Chip bags_Images/Lay-sLimón.picture.191353.jpg,,,
Herr's,Baby Back Ribs,,Chip bags_Images/Herr-sBaby Back Ribs.picture.145647.jpg,,,
Rap Snacks,Lil Baby: All In,"Salt and vinegar, BBQ, onion, garlic and more",Chip bags_Images/Rap SnacksLil Baby- All In.picture.145813.jpg,,,
Route 11,Lightly Salted,,Chip bags_Images/Route 11Lightly Salted.picture.012305.jpg,,,
Siete,Chipotle BBQ,,Chip bags_Images/SieteChipotle BBQ.picture.181908.jpg,,,
Joe Chips,Classic Sea Salt,,Chip bags_Images/Joe ChipsClassic Sea Salt.picture.132259.jpg,,,
Joe Chips,Sea Salt and Vinegar,,Chip bags_Images/Joe ChipsSea Salt and Vinegar.picture.132329.jpg,,,
Community,Sweet Maui Onion,,Chip bags_Images/CommunitySweet Maui Onion.picture.233314.jpg,,,
Community,Fire Roasted Jalapeno,,Chip bags_Images/CommunityFire Roasted Jalapeno.picture.222945.jpg,,,
Kettle,Honey Dijon,,Chip bags_Images/KettleHoney Dijon.picture.202607.jpg,,,
Rap Snacks,Migos: Sour Cream with a dab of Ranch,,Chip bags_Images/Rap SnacksMigos- Sour Cream with a _13580620224934783662.picture.202719.jpg,,,
Siete,Hint of Serrano Sea Salt and Vinegar,,Chip bags_Images/SieteHint of Serrano Sea Salt and Vinegar.picture.151518.jpg,,,
Siete,Sea Salt,,Chip bags_Images/SieteSea Salt.picture.214235.jpg,,,
Herr's,Classic Lattice Cut with Sea Salt,,Chip bags_Images/Herr-sClassic Lattice Cut with Sea Salt.picture.201113.jpg,,,
Kettle,Sea Salt,,Chip bags_Images/KettleSea Salt.picture.202322.jpg,,,
Kettle,Backyard Barbeque,,Chip bags_Images/KettleBackyard Barbeque.picture.150821.jpg,,,
Herr's,Baked Original,,Chip bags_Images/Herr-sBaked Original.picture.005212.jpg,,,
Herr's,Sour Cream and Onion (Ripple),Ripple,Chip bags_Images/Herr-sSour Cream and Onion (Ripple).picture.163501.jpg,,,
Kettle,Habanero Lime,,Chip bags_Images/KettleHabanero Lime.picture.163547.jpg,,,
Cape Cod,Sea Salt and Vinegar,Kettle cooked,Chip bags_Images/Cape CodSea Salt and Vinegar.picture.231128.jpg,,,
Cape Cod,Sweet Mesquite Barbeque,,Chip bags_Images/Cape CodSweet Mesquite Barbeque.picture.143346.jpg,,,
Joe Chips,Jalapeno Flavored,,Chip bags_Images/Joe ChipsJalapeno Flavored.picture.174219.jpg,,,
Herr's,Sour Cream and French Onion,Ripple,Chip bags_Images/Herr-sSour Cream and French Onion.picture.160705.jpg,,,
Lay's,All Dressed,,Chip bags_Images/Lay-sAll Dressed.picture.002337.jpg,,,
Rap Snacks,Rick Ross: Sweet Chili Lemon Pepper,,Chip bags_Images/Rap SnacksRick Ross- Sweet Chili Lemon Pepper.picture.151502.jpg,,,
Seven Select,Dill Pickle,Kettle,Chip bags_Images/Seven SelectDill Pickle.picture.223707.jpg,,,
Cape Cod,Sweet and Spicy Jalapeno,,Chip bags_Images/Cape CodSweet and Spicy Jalapeno.picture.233555.jpg,,,
Seven Select,Lime Flavored,Kettle,Chip bags_Images/Seven SelectLime Flavored.picture.224415.jpg,,,
Seven Select,Salt and Pepper,Kettle,Chip bags_Images/Seven SelectSalt and Pepper.picture.140029.jpg,,,
Kettle,Himalayan Sea Salt,Air Fried,Chip bags_Images/KettleHimalayan Sea Salt.picture.022615.jpg,,,
Lay's,Kettle Cooked Jalapeno,,Chip bags_Images/Lay-sKettle Cooked Jalapeno.picture.193904.jpg,,,
Seven Select,Original,,Chip bags_Images/Seven SelectOriginal.picture.170035.jpg,,,
Seven Select,Salt and Vinegar,,Chip bags_Images/Seven SelectSalt and Vinegar.picture.170113.jpg,,,
Takis,Kettlez Jalapeno Typhoon,,Chip bags_Images/TakisKettlez Jalapeno Typhoon.picture.163532.jpg,,,
Chips Oman,Chilli Flavor,,Chip bags_Images/Chips OmanChilli Flavor.picture.162616.jpg,,,
Lay's,Kobe Beef,Taiwan,Chip bags_Images/Lay-sKobe Beef.picture.213754.jpg,,,
Lay's,Bamboo,China,Chip bags_Images/Lay-sBamboo.picture.213817.jpg,,,
Ruffles,Queso Cheese,,Chip bags_Images/RufflesQueso Cheese.picture.185849.jpg,,,
Herr's,Baked Sour Cream and Onion,,Chip bags_Images/Herr-sBaked Sour Cream and Onion.picture.005910.jpg,,,
Herr's,Baked Cheddar and Sour Cream,,Chip bags_Images/Herr-sBaked Cheddar and Sour Cream.picture.005939.jpg,,,
Herr's,Cheddar Horseradish,,Chip bags_Images/Herr-sCheddar Horseradish.picture.232949.jpg,,,
365 Whole Foods Market,Rippled Sea Salt,,Chip bags_Images/365 Whole Foods MarketRippled Sea Salt.picture.235605.jpg,,,
Herr's,Mesquite BBQ,Kettle Cooked,Chip bags_Images/Herr-sMesquite BBQ.picture.205432.jpg,,,
Lay's,Salt and Vinegar,,Chip bags_Images/Lay-sSalt and Vinegar.picture.163942.jpg,,,
Herr's,Cracked Pepper and Sea Salt,,Chip bags_Images/Herr-sCracked Pepper and Sea Salt.picture.225959.jpg,,,
Community,Sour Cream and Onion,,Chip bags_Images/CommunitySour Cream and Onion.picture.224454.jpg,,,
Hal's New York Kettle Chips,Sea Salt and Vinegar,,Chip bags_Images/Hal-s New York Kettle ChipsSea Salt_9966054308124539475.picture.014043.jpg,,,
Hartley's,Salt and Vinegar,,Chip bags_Images/Hartley-sSalt and Vinegar.picture.015237.jpg,,,
Hal's New York Kettle Chips,Barbeque,,Chip bags_Images/Hal-s New York Kettle ChipsBarbeque.picture.161255.jpg,,,
Bill's Terrace Inn,BTI Crackin' Crab Chips,,Chip bags_Images/Bill-s Terrace InnBTI Crackin- Crab Chips.picture.195706.jpg,,,
Hartley's,Kettle Cooked,,Chip bags_Images/Hartley-sKettle Cooked.picture.190116.jpg,,,
Hartley's,Jalapeno and Cheddar,,Chip bags_Images/Hartley-sJalapeno and Cheddar.picture.213422.jpg,,,
Zapp's,Bayou Blackened Ranch,New Orleans Kettle Style,Chip bags_Images/Zapp-sBayou Blackened Ranch.picture.000812.jpg,,,
Lay's,Italian Red Meat Flavored,China,Chip bags_Images/Lay-sItalian Red Meat Flavored.picture.150739.jpg,,,
Lay's,Spicy Crayfish Flavor,China,Chip bags_Images/Lay-sSpicy Crayfish Flavor.picture.173245.jpg,,,
Four Seas,Hot and Spicy,China,Chip bags_Images/Four SeasHot and Spicy.picture.214718.jpg,,,
Boulder Canyon,Malt Vinegar and Sea Salt,Avacado Oil,Chip bags_Images/Boulder CanyonMalt Vinegar and Sea Salt.picture.193811.jpg,,,
Utz,Salt and Malt Vinegar,Kettle Classics,Chip bags_Images/UtzSalt and Malt Vinegar.picture.171154.jpg,,,
Utz,Original,Kettle Classics,Chip bags_Images/UtzOriginal.picture.181629.jpg,,,
Herr's,Long Hots and Sharp Provolone,Flavored Philly Crunch Off Champion,Chip bags_Images/Herr-sLong Hots and Sharp Provolone.picture.002906.jpg,,,
Lay's,French Onion Soup,Wavy,Chip bags_Images/Lay-sFrench Onion Soup.picture.175750.jpg,,,
Lay's,Argentinian Style Steak with Chimichurri,,Chip bags_Images/Lay-sArgentinian Style Steak with Chimichurri.picture.012405.jpg,,,
Lay's,Dill Pickle,,Chip bags_Images/Lay-sDill Pickle.picture.172306.jpg,,,
Nantucket Crisps,Madaket Sweet Onion,,Chip bags_Images/Nantucket CrispsMadaket Sweet Onion.picture.191248.jpg,,,
Ruffles,Smokehouse BBQ,,Chip bags_Images/RufflesSmokehouse BBQ.picture.193403.jpg,,,
Great Lakes,Jalapeno Dill,Kettle Cooked,Chip bags_Images/Great LakesJalapeno Dill.picture.231807.jpg,,,
Nantucket Crisps,Stubbys Jamaican Jerk,,Chip bags_Images/Nantucket CrispsStubbys Jamaican Jerk.picture.210855.jpg,,,
Community,Chili Lime Caliente,Kettle Cooked,Chip bags_Images/CommunityChili Lime Caliente.picture.164701.jpg,,,
Ruffles,Flamin' Hot Cheddar and Sour Cream,,Chip bags_Images/RufflesFlamin- Hot Cheddar and Sour Cream.picture.174941.jpg,,,
Herr's,Crisp 'N Tasty,,Chip bags_Images/Herr-sCrisp -N Tasty.picture.160330.jpg,,,
Wegmans,Sea Salt and Cracked Pepper,Kettle Cooked,Chip bags_Images/WegmansSea Salt and Cracked Pepper.picture.182021.jpg,,,
Boulder Canyon,Jalapeño Cheddar,Kettle Style,Chip bags_Images/Boulder CanyonJalapeño Cheddar.picture.170622.jpg,,,
Seven Select,Chile Lime,Wavy,Chip bags_Images/Seven SelectChile Lime.picture.203609.jpg,,,
Lay's,Sweet Southern Heat Barbecue,,Chip bags_Images/Lay-sSweet Southern Heart Barbecue.picture.205315.jpg,,,
The Whole Shebang,Original,Super seasoned,Chip bags_Images/The Whole ShebangOriginal.picture.174309.jpg,,,
The Whole Shebang,Extreme,Super seasoned,Chip bags_Images/The Whole ShebangExtreme.picture.233624.jpg,,,
Walkers,Supreme Prawn Cocktail,,Chip bags_Images/WalkersSupreme Prawn Cocktail.picture.175702.jpg,,,
Rap Snacks,Oowee Wavy Boosie Louisiana Heat,,Chip bags_Images/Rap SnacksOowee Wavy Boosie Louisiana Heat.picture.175238.jpg,,,
Herr's,Original Wawa Hoagiefest,Kettle Cooked,Chip bags_Images/Herr-sOriginal Wawa Hoagiefest.picture.021246.jpg,,,
Nantucket Crisps,Sconset Sea Salt,,Chip bags_Images/Nantucket CrispsSconset Sea Salt.picture.212932.jpg,,,
Lay's,Baked Not Fried Oroginal,,Chip bags_Images/Lay-sBaked Not Fried Oroginal.picture.151925.jpg,,,
Takis,Fuego Hot Chili Pepper and Lime,,Chip bags_Images/TakisFuego Hot Chili Pepper and Lime.picture.215529.jpg,,,
Wise,Original,,Chip bags_Images/WiseOriginal.picture.122654.jpg,,,
Jack n Jill,Vcut Spicy Barbecue,,Chip bags_Images/Jack n JillVcut Spicy Barbecue.picture.185035.jpg,,,
Orion,Swing Chips Stir Fried Red Pepper,Korean,Chip bags_Images/OrionSwing Chips Stir Fried Red Pepper.picture.230126.jpg,,,
Middleswarth,Jalapeno flavored,,Chip bags_Images/MiddleswarthJalapeno flavored.picture.161223.jpg,,,
Middleswarth,bar-b-q flavored,,Chip bags_Images/Middleswarthbar-b-q flavored.picture.164616.jpg,,,
Wegmans,Sweet BBQ flavored,Kettle cooked,Chip bags_Images/WegmansSweet BBQ flavored.picture.223711.jpg,,,
O'Donnells of Tipperary,Irish Cider Vinegar and Sea Salt,Ireland,Chip bags_Images/O-Donnells of TipperaryIrish Cider _12314514486713514475.picture.193348.jpg,,,
Tayto Hunky Dorys,Salt and Malt Vinegar,Ireland,Chip bags_Images/Tayto Hunky DorysSalt and Malt Vinegar.picture.210406.jpg,,,
King,Cheese and Onion,Ireland,Chip bags_Images/KingCheese and Onion.picture.165308.jpg,,,
Herr's,Cheddar and Sour cream,Ripple,Chip bags_Images/Herr-sCheddar and Sour cream.picture.234500.jpg,,,
Wegmans,Jalepeno,Kettle cooked,Chip bags_Images/WegmansJalepeno.picture.171509.jpg,,,
Dirty,Sea Salted,Deli Style,Chip bags_Images/DirtySea Salted.picture.201536.jpg,,,
365 Whole Foods Market,Sour Cream and Cheddar,Rippled,Chip bags_Images/365 Whole Foods MarketSour Cream and Cheddar.picture.183505.jpg,,,
Wegmans,Sour Cream and Onion,,Chip bags_Images/WegmansSour Cream and Onion.picture.213107.jpg,,,
Dirty,Sour Cream and Onion,Deli Style,Chip bags_Images/DirtySour Cream and Onion.picture.212903.jpg,,,
Nantucket Crisps,Hummock Hot Honey,,Chip bags_Images/Nantucket CrispsHummock Hot Honey.picture.171008.jpg,,,
Nantucket Crisps,All Time Low's Bay Spice,Maryland Style Chesapeake Seasoning,Chip bags_Images/Nantucket CrispsAll Time Low-s Bay Spice.picture.205812.jpg,,,
Nantucket Crisps,Polpis Pickle,,Chip bags_Images/Nantucket CrispsPolpis Pickle.picture.220807.jpg,,,
Nantucket Crisps,Cisco Beach BBQ,,Chip bags_Images/Nantucket CrispsCisco Beach BBQ.picture.181249.jpg,,,
Middleswarth,Sour Cream and Onion,,Chip bags_Images/MiddleswarthSour Cream and Onion.picture.175844.jpg,,,
Zapp's,Cajun Dill Gator-Tators,New Orleans Kettle Style,Chip bags_Images/Zapp-sCajun Dill Gator-Tators.picture.171410.jpg,,,
Zapp's,VooDoo Heat,New Orleans Kettle Style,Chip bags_Images/Zapp-sVooDoo Heat.picture.214745.jpg,,,
Wegmans,Pink Himalayan Sea Salt and Vinegar,,Chip bags_Images/WegmansPink Himalayan Sea Salt and Vinegar.picture.195805.jpg,,,
Herr's,Smoked Brisket Flavored,Gameday Flavors,Chip bags_Images/Herr-sSmoked Brisket Flavored.picture.002838.jpg,,,
Herr's,Golden BBQ Wings Flavored,Gameday Flavors,Chip bags_Images/Herr-sGolden BBQ Wings Flavored.picture.161512.jpg,,,
Tayto,Wuster Sauce,Potato Crisps from UK,Chip bags_Images/TaytoWuster Sauce.picture.220703.jpg,,,
Utz,Honey Barbeque,,Chip bags_Images/UtzHoney Barbeque.picture.155419.jpg,,,
Utz,Original 1oz,,Chip bags_Images/UtzOriginal 1oz.picture.003942.jpg,,,
Any Yums,Demon Slayer: BBQ Pork Ribs,Kettle Cooked,Chip bags_Images/Any YumsDemon Slayer- BBQ Pork Ribs.picture.171045.jpg,,,
